{
    "loss": 0.5722044706344604,
    "accuracy": 0.982758641242981
}