{
    "loss": 1.2301383018493652,
    "accuracy": 0.9568965435028076
}